"Advanced configuration","Configuration avancée"
"La Poste Colissimo","La Poste Colissimo"
"La Poste Colissimo Advanced Setup","La Poste Colissimo Configuration Avancée"
"General configuration","Configuration générale"
"User name of your account for La Poste webservices","Identifiant de votre compte pour les webservices La Poste"
"Password","Mot de passe"
"Password to connect to La Poste webservices and use the module","Mot de passe pour se connecter aux webservies de La Poste et utiliser le module"
"Labels","Etiquettes"
"Outward label print format","Format d'impression des étiquettes aller"
"Return label print format","Format d'impression des étiquettes retour"
"(none)","(aucun)"
"Delegate label generation to ColiShip?","Déléguer la génération des étiquettes à ColiShip ?"
"If enabled, this module will not automatically generate label for each Colissimo shipment.","Si activé, ce module ne générera pas d'étiquette pour les livraisons Colissimo."
"Order status after label generation","Statut des commandes après generation de l'étiquette."
"Use cash on delivery?","Utiliser le Contre-Remboursement ?"
"If enabled, each label generation will use cash on delivery feature by default.","Si activé, les étiquettes automatiquement générées utiliseront le mode Contre-Remboursement."
"Average preparation delay","Délai moyen de préparation"
"Your average delay for preparation of a shipment, in days.","Votre délai moyen de préparation d'une livraison, en jours."
"Registered mail level","Niveau de recommandation"
"Use Customs Declarations?","Générer la déclaration douanes (CN23) ?"
"If enabled, each label generation will ask Colissimo to generate and handle the Customs Declarations by default.","Si actif, chaque étiquette le nécessitant sera accompagné du formulaire CN23 correspondant."
"Check IDs","Vérifier les identifiants"
"Bad credentials.","Les identifiants ne sont pas corrects."
"Credentials are valid.","Les identifiants sont corrects."
"User Name validation","Validation des identifiants"
"Check that IDs are valid.","Vérifie que les identifiants sont corrects."
"Automatically create return label at the same time as the outward label","Créer automatiquement l'étiquette de retour lors de la génération de l'étiquette aller"
"If you don't activate this option, you can still manually create return labels on order shipping page","Si vous n'activez pas cette option, vous pouvez toujours créer des étiquettes de retour sur la page d'expédition de la commande"
"Show service information on return label","Afficher le nom du service de retour sur l'étiquette de retour"
"Service information","Nom du service de retour"
"Show order reference on return label","Afficher le numéro de commande sur l'étiquette de retour"
"Area","Zone"
"Cart weight/price starting from","Poids/prix panier à partir de"
"Price","Prix"
"Configure the shipment prices to apply for each destination and cart weight / price you want to enable","Configurez les prix de livraison à appliquer par destination et tranche de poids / prix du panier que vous voulez activer"
"Colissimo Domicile without signature","Colissimo Domicile sans signature"
"Colissimo Domicile with signature","Colissimo Domicile avec signature"
"Colissimo Point Retrait","Colissimo Point Retrait"
"Colissimo International","Colissimo International"
"Enable the Colissimo Domicile without signature mode","Activer la méthode Colissimo Domicile sans signature"
"Enable the Colissimo Domicile with signature mode","Activer la méthode Colissimo Domicile avec signature"
"Enable the Colissimo Point Retrait mode","Activer la méthode Colissimo Point Retrait"
"Enable the Colissimo International mode","Activer la méthode Colissimo International"
"Setup","Configuration"
"Name","Nom"
"New slice","Nouvelle tranche"
"Return labels","Etiquettes de retour"
"Yes","Oui"
"No","Non"
"Order","Commande"
"Order Date","Date de la commande"
"Purchased From","Acheté sur"
"Customer","Client"
"Street","Rue"
"Post Code","Code postal"
"City","Ville"
"Country","Pays"
"Reference","Référence"
"Shipping Description","Méthode de livraison"
"Unknown status: %1","Statut inconnu : %1"
"Tracking number","Etiquette"
"Update Colissimo Statuses","Mettre à jour les statuts Colissimo"
"Web service returns 0 relay","Le web service n'a pas retourné de point de retrait"
"No relay available","Pas de point de retrait disponible"
"Zipcode required to get relay points","Le code postal est requis pour les points de retrait"
"The international option can't be enable if the country destination is France","L'option international ne peut être activée si le pays de destination est la France"
"Shipping date required to get relay points","La date d'expédition est requise pour les points de retrait"
"Country code required to get relay points","Le code pays est requis pour les points de retrait"
"City required to get relay points","La ville est requise pour les points de retrait"
"At","À"
"Choose","Choisir"
"Search","Chercher"
"Zipcode","Code postal"
"Address","Adresse"
"Free shipping","Livraison gratuite"
"Should the shipping method be free","Activer la gratuité pour la méthode de livraison"
"All statuses where updated","Tous les statuts ont étés mis à jour"
"Some status were not correctly updated. Check logs for more details.","Certains statuts n'ont pas pu être mis à jour. Voir les logs pour plus de détails."
"Tracking information for order","Information de suivis de la commande"
"Shipping method:","Méthode de livraison :"
"Change your shipping information and options","Modifier votre livraison"
"Parcel","Colis"
"Status Date","Date du statut"
"Status","Statut"
"Details","Détails"
"Print outward label","Imprimer l'étiquette aller"
"Relay point","Point de retrait"
"Display mode","Mode d'affichage"
"Choose between the standard display mode from Colissimo (Widget) and the customizable ones (Google Maps or Open Street Maps)","Choisissez entre le mode d'affichage standard de Colissimo (Widget) et ceux customisables (Google Maps ou Open Street Maps)"
"Debug and Development","Debug et Développement"
"Debug Mode","Mode Debug"
"This option should only be activated shortly to debug this module.","Cette option ne doit être activée que pour une courte période, pour obtenir plus d'information dans les journaux (log) pour ce module."
"Log information lifetime (days)","Durée de vie des journaux (jours)"
"Delay before deleting log information. Use 0 or leave empty to disable.","Délai avant suppression des journaux. Utilisez 0 ou laissez vide pour désactiver."
"See last logs","Voir les derniers logs"
"Shipments","Envois"
"Print inward label","Imprimer l'étiquette retour"
"While generating label for shipment #%1: ","Pendant la génération de l'étiquette pour la livraison #%1: "
"Inward shipping labels have been generated.","Les étiquettes ont été générées."
"Order status to generate label","Statut des commandes pour génération des étiquettes"
"Order status where a label can be generated.","Statut des commandes à partir duquel les étiquettes peuvent être générées."
"Order status after giving parcel to carrier","Statut des commandes après remise du colis au transporteur"
"Order status to apply when the parcel has been delivered to the carrier.","Statut des commandes à appliquer une fois que le colis a été remis au transporteur."
"Generate outward shipping label","Générer l'étiquette aller"
"Generate inward shipping label","Générer l'étiquette retour"
"MailBox picking return","Dépot de colis retour en boîte aux lettres"
"Address from which the return will be from:","Adresse depuis laquelle le retour sera fait :"
"Allow MailBox Pickup","Autoriser les retours en boîte aux lettres"
"Check that this address is allowed for MailBox picking return","Verifier que cette adresse est éligible au retour en boîte aux lettres."
"Confirm Pick-Up","Confirmer l'enlevement dans ma boîte aux lettres"
"MailBox pick-up","Enlevement dans ma boîte aux lettres"
"Only France is allowed","Seule la France est autorisée"
"Please confirm before today %s that you will put the parcel in the MailBox described previously, before the %s at %s.","Merci de confirmer avant aujourd'hui %s que vous déposerez le colis dans la boîte aux lettres décrite ci-dessus, avant le %s à %s."
"Retrieval address","Adresse de retour"
"This address is not eligible for MailBox pick-up.","Cette adresse n'est pas éligible au retour en boîte aux lettres."
"When activated, customers will be allowed to automatically create return labels and use them to return the parcel from their MailBox.","Quand activé, les clients pourront créer automatiquement leurs étiquettes de retour et les utiliser pour renvoyer le colis depuis leur boîte aux lettres."
"You may change the address the return will be made from via the following fields:","Vous pouvez changer l'adresse depuis laquelle le retour sera envoyé via les champs suivants :"
"Your shipment was initially sent to the following address:","Votre colis a été initialement envoyé à cette adresse :"
"Error during IDs checking","Erreur durant la vérification des identifiants"
"An error occured while confirming this pick-up!","Une erreur est survenue pendant la confirmation de ce retour en boîte aux lettres !"
"An error occured while generating the return tracking number!","Une erreur est survenue pendant la génération du numéro de suivi du colis de retour !"
"Modify my relay","Modifier mon point de retrait"
"Confirm relay","Confirmer le point de retrait"
"Do you confirm the shipment to this relay:","Confirmez-vous la livraison à ce point de retrait :"
"Please choose a relay for this shipping method","Veuillez choisir un point de retrait pour cette méthode de livraison"
"Choose this relay","Choisir ce point de retrait"
"The window to choose your pickup point is currently unavailable. Please refresh the page and try again. If the problem persists, please contact the website administrator.","La fenêtre de choix du point de retrait est actuellement indisponible. Merci de recharger la page et de réessayer. Si le problème persiste, merci de contacter l'administrateur du site."
"Colissimo relay","Relais Colissimo"
"Generate a Delivery docket","Générer un Bordereau de remise"
"Bordereaux","Bordereaux"
"Bordereau Number","Numéro de bordereau"
"Code Site PCH","Code Site PCH"
"Number of parcels","Nombre de colis"
"Parcels Numbers","Numéros des colis"
"Download Bordereau","Télécharger le Bordereau"
"Publishing date","Date de génération"
"Unable to generate delivery docket","Impossible de générer le borderau de remise"
"Delivery docket has been generated.","Le bordereau de remise a été généré."
"Bad output format","Mauvais format de retour"
"Weight cannot be negative!","Les poids ne peut être négatif !"
"RecommendationLevel and InsuranceValue are mutually incompatible.","L'assurance Colissimo et le niveau de recommandation sont mutuellement incompatible."
"Bad recommendation level","Mauvais niveau de recommendation."
"The ProductCode used requires that a pickupLocationId is set!","Le Code produit utilisé requiert qu'un pickupLocationId soit valué."
"The ProductCode used requires that a pickupLocationId is *not* set!","Le Code produit utilisé requiert que le prickupLocationId ne soit *pas* valué !"
"The ProductCode used requires that a commercialName is set!","Le Code produit utilisé requiert qu'un commercialName soit valué !"
"companyName must be set in Sender address!","companyName doit être valué dans l'adresse de l'expéditeur !"
"line2 must be set in Sender address!","line2 doit être valué dans l'adresse de l'expéditeur !"
"countryCode must be set in Sender address!","countryCode doit être valué dans l'adresse de l'expéditeur !"
"zipCode must be set in Sender address!","zipCode doit être valué dans l'adresse de l'expéditeur !"
"city must be set in Sender address!","city doit être valué dans l'adresse de l'expéditeur !"
"companyName or (firstName + lastName) must be set in Addressee address!","companyName ou (firstName + lastName) doit être valué dans l'adresse de destinataire !"
"companyName must be set in Addressee address for return label!","companyName doit être valué dans l'adresse de destinataire pour les étiquettes de retour !"
"line2 must be set in Addressee address!","line2 doit être valué dans l'adresse de destinataire !"
"countryCode must be set in Addressee address!","countryCode doit être valué dans l'adresse de destinataire !"
"zipCode must be set in Addressee address!","zipCode doit être valué dans l'adresse de destinataire !"
"city must be set in Addressee address!","city doit être valué dans l'adresse de destinataire !"
"Status history","Historique des statuts"
"Anomaly","Anomalie"
"Colissimo","Colissimo"
"ColiShip","ColiShip"
"Generate ColiShip export","Générer l'export ColiShip"
"ColiShip export functionalities are only available when ColiShip is used in the configuration.","Les fonctionnalités d'export pour ColiShip ne sont utilisables que lorsque ColiShip est activé dans la configuration."
"File missing or wrong format (CSV expected)","Fichier manquant ou mauvais format (CSV attendu)"
"Import is done","Import terminé"
"An error occurred during import: %1","Une erreur est survenue lors de l'import : %1"
"Only CSV files are accepted","Seuls les fichiers CSV sont acceptés"
"Import ColiShip File","Importer le fichier ColiShip"
"The following line does not have the correct fields","La ligne suivante n'a pas les bons champs"
"Cannot create shipment for order","Impossible de créer d'expédition pour cette commande"
"Current situation dashboard","Tableau de bord de situation actuelle"
"Colissimo current situation dashboard","Tableau de bord de situation actuelle Colissimo"
"To ship","A expédier"
"Shipment","Colis"
"Bordereau association","Association avec un borderau"
"Any","Tous"
"Only in a bordereau","Uniquement si dans un bordereau"
"Only *not* in a bordereau","Uniquement si *pas* dans un bordereau"
"Without label","Sans étiquette"
"Only with label","Uniquement avec une étiquette"
"Only without label","Uniquement sans étiquette"
"View Order","Voir la commande"
"View Shipment","Voir le colis"
"Print label","Imprimer l'étiquette"
"Only in anomaly","Uniquement en anomalie"
"Only to print","Uniquement à imprimer"
"Number of days to consider a return label for purging (days)","Nombre de jours pour la purge des étiquettes de retour (jours)"
"Delay before deleting return label BLOB from database. Use 0 or leave empty to disable this purge.","Période après laquelle une purge supprimera le BLOB de l'étiquette de retour de la base de données. Utiliser 0 ou laisser vide pour désactiver cette purge."
"Return label creation is available for the client","Création d'étiquette de retour disponible au client"
"Your order is being prepared and will soon be taken care of for shipping.","Votre commande est en cours de préparation et sera bientôt prise en charge pour expédition."
"You can check your order status <a href=""%trackinglink"" target=""_blank"">here</a>.","Vous pouvez suivre le statut de votre commande <a href=""%trackinglink"" target=""_blank"">ici</a>."
"%storename order status change","Changement du statut de commande sur %storename"
"Send tracking email","Envoi du mail de suivi"
"Send the tracking link in an email to customer on label or bordereau generation.","Envoi du lien de suivi de commande par email à la génération de l'étiquette ou du bordereau."
"Dashboard","Tableau de bord"
"Default HS code","Code SH par défaut"
"Default customs Category","Catégorie de nature des envois"
"Define the nature of the shipment","Indique la nature de l'envoi (pour les envois internationaux ou vers l'outre-mer soumis à la déclaration CN23)"
"Other","Autre"
"Gift","Cadeau"
"Commercial sample","Echantillon commercial"
"Commercial shipment","Envoi commercial"
"Document","Document"
"Send return label email","Envoi du mail avec l'étiquette de retour"
"Send label in an email to customer on return label generation.","Envoi de l'étiquette en pièce jointe par email à la génération de l'étiquette de retour"
"You can find the inward label for this order attached to this email.","Vous pouvez trouver l'étiquette de retour de cette commande en pièce jointe de cet e-mail."
"Email inward label","Envoyer l'étiquette retour par e-mail"
"Return label was sent","L'étiquette retour a bien été envoyée"
"Please generate return label","Veuillez générer l'étiquette retour"
"Shipment not found","Livraison introuvable"
"French overseas parcels sent with DDP (Delivered Duty Paid)?","Colis DOM-TOM envoyés avec DDP (Rendu droits acquittés) ?"
"For French overseas destinations only (except St-Pierre-et-Miquelon and Mayotte)","Pour les DOM-TOM uniquement (sauf St-Pierre-et-Miquelon et Mayotte)"
"Generate bordereau","Générer un bordereau"
"You can scan the labels. Once finished, you can submit to generate your bordereau.","Vous pouvez scanner les étiquettes. Une fois fini, validez pour générer le bordereau."
"Reset","Réinitialiser"
"Remove last code","Supprimer le dernier code"
"Bordereau via scan","Bordereau par scan"
"Code added to list: ","Code ajouté à la liste : "
"Wrong data, code not added: ","Donnée incorrecte, code non ajouté : "
"Code removed: ","Code supprimé : "
" (see logs for details)"," (consulter le log pour voir plus de détails)"
"wrong data selected","mauvaises données sélectionnées"
"Access Colissimo Box","Accéder à Colissimo Box"
"An error occurred during printing","Une erreur est survenue durant l'impression"
"Parameters are incorrect.","Les paramètres sont incorrects"
"Cannot print label before generation.","L'étiquette ne peut pas être imprimée avant d'avoir été générée?"
"Download inward label","Télécharger l'étiquette retour"
"Download outward label","Télécharger l'étiquette aller"
"An error occurred during download","Une erreur est survenue durant le téléchargement"
"Download shipment related information","Télécharger les informations liées à la livraison"
"Longer than 3 days","Plus de 3 jours"
"In transit","Pris en charge"
"Unknow status","Statut inconnu"
"No status","Pas de statut"
"Please generate label","Veuillez générer l'étiquette"
"Download label","Télécharger l'étiquette"
"Invoice missing for order #%1 to create label","Facture manquante sur la commande #%1 pour générer l'étiquette"
"There must be only one invoice on order #%1 to create return label with CN23.","Il ne doit y avoir qu'une seule facture sur la commande #%1 pour créer l'étiquette de retour avec CN23"
"Canary Islands","Îles Canaries"
"Please generate inward label","Veuillez générer l'étiquette retour"
"Google Maps API Key","Clé d'API Google Maps"
"This key is needed to display the selection map","Cette clé est nécessaire pour afficher la carte de sélection des points de retrait"
"no change","Aucun changement"
"Download example of FMT file","Télécharger un exemple de fichier FMT"
"Retrieve an example of Colissimo FMT file.","Récupérer un exemple de fichier FMT Colissimo."
"Check","Vérifier"
"You can define specific HS code per product in the product attribute 'Product HS Code'. If not, the default code will be used.","Vous pouvez définir un code SH par produit dans l'attribut 'Code SH produit'. Si un code n'est pas défini pour un produit, ce code par défaut sera utilisé."
"Product HS Code","Code SH produit"
"Cannot find order %s","Impossible de trouver la commande %s"
"Shipping fees based on","Frais de livraison basé sur"
"Do you want to base your shipping fees on cart weight (default) or on cart price?","Voulez-vous baser les frais de livraison sur le poids du panier (par défaut) ou sur le prix du panier?"
"Cart weight","Poids du panier"
"Cart price","Prix du panier"
"Colissimo Flash without signature","Colissimo Flash sans signature"
"Colissimo Flash with signature","Colissimo Flash avec signature"
"Enable the Colissimo Flash without signature mode","Activer la méthode Colissimo Flash sans signature"
"Enable the Colissimo Flash with signature mode","Activer la méthode Colissimo Flash avec signature"
"The Colissimo Flash method (J+1) will not be available past this hour.","La méthode Colissimo Flash (J+1) ne sera pas disponible après cet horaire."
"Colissimo Flash Maximum hour","Colissimo Flash Heure maximum"
"Maximum weight / price","Poids / prix maximum"
"Do you want to limit the weight or price you can ship with this method? Use 0 or leave empty to disable the check.","Voulez-vous limiter le poids / prix autorisé pour ce mode de livraison? Utilisez 0 ou laissez vide pour désactiver la vérification."
"Colissimo In-Transit","Colissimo En Transit"
"Colissimo Delivered","Colissimo Livré"
"Colissimo Anomaly","Colissimo Anomalie"
"Colissimo Ready to ship","Colissimo Prêt à être expédié"
"Download shipment related informations","Télécharger les étiquettes de livraison"
"Print shipment related informations","Imprimer les étiquettes de livraison"
"Contact us","Contactez-nous"
"On label generation","A la génération de l'étiquette"
"On bordereau generation","A la génération du bordereau"
"Display shipping methods logo on checkout","Afficher le logo des méthodes de livraison sur le tunnel de commande"
"Choose to add the shipping methods logo next to the method name in the checkout","Choisissez d'ajouter le logo des méthodes de livraison à côté du nom de la méthode dans le checkout"
"Timeline","Chronologie"
"Step number","Numéro d'étape"
"Method","Méthode"
"Cart weight min","Poids minimum du panier"
"Cart weight max","Poids maximum du panier"
"Cart price min","Prix minimum du panier"
"Cart price max","Prix maximum du panier"
"Prices","Prix"
"Price ranges","Grille des prix"
"Configuration","Configuration"
"Back to configuration","Retour à la configuration"
"Delete Price","Supprimer le prix"
"Are you sure you want to do this","Êtes-vous sur de vouloir supprimer ?"
"Save Price","Sauvegarder le prix"
"Add new price","Ajouter un nouveau prix"
"Edit Price %1 - %2","Éditer le prix %1 - %2"
"Edit Price","Éditer le Prix"
"New Price","Nouveau Prix"
"You deleted the Price.","Vous avez supprimé le Prix"
"We can't find a Price to delete.","Impossible de trouver le Prix à supprimer."
"This Price no longer exists.","Ce prix n'existe plus."
"You saved the Price.","Vous avez sauvegardé le Prix."
"Outward label not allowed for this destination","Etiquette aller non autorisée pour cette destination"
"Inward label not allowed for this destination","Etiquette retour non autorisée pour cette destination"
"Unknown error","Erreur inconnue"
"An error occurred when transmitting the file %1$s: %2$s","Une erreur est survenue lors de la transmission du fichier %1$s : %2$s"
"An error occurred while getting the customs files for this order: %s","Une erreur est survenue lors de la récupération des documents de douane pour cette commande : %1$s"
"Customs documents","Documents douaniers"
"In accordance with the customs regulation, it is necessary to provide documents related to the parcels for the customs.","Dans le cadre de la réglementation liée aux douanes, il est nécessaire de fournir des documents liés aux colis pour les douanes."
"It is possible to send these documents through the parcel tracking tool or using the module from here.","Il est possible d'envoyer ces documents via l'outil de suivi de colis ou via le module à cet endroit."
"Custom clearance bordereau","Bordereau de dédouanement"
"Original certificate","Certificat d’origine"
"Customs declaration","Déclaration pour les douanes"
"Export license","Licence d’exportation"
"Parcel invoice","Facture du colis"
"Compensation report","Bilan d'indemnisation"
"Delivery certificate","Attestation de livraison"
"Label","Etiquette"
"Proof of delivery","Preuve de livraison"
"Other document","Autre document"
"Unique administrative document","Document administratif unique"
"Picture","Photo"
"Document type","Type du document"
"Add an other document","Ajouter un autre document"
"Submit the documents","Soumettre les documents"
"Error sending the customs document %1$s for the parcel number %2$s","Erreur lors de l'envoi du document de douanes %1$s pour le numéro de suivi %2$s"
"Colissimo services","Services Colissimo"
"Check status","Vérifier l'état"
"An error occurred while deleting label for shipment #%1: ","Une erreur est survenue durant la suppression des étiquettes pour l'expédition #%1 : "
"Shipping labels have been deleted.","Les étiquettes ont été supprimées."
"Delete labels","Supprimer les étiquettes"
"Sending service","Service d'envoi"
"Sending service used for Austria, Germany, Italy and Luxembourg","Service d'envoi utilisé pour l'Autriche, l'Allemagne, l'Italie et le Luxembourg"
"Local postal service","Service postal local"
"Parent account user name","Référence de compte parent"
"Colour of the selected pickup point in the list and on the map","Couleur du point de retrait sélectionné dans la liste et sur la carte"
"Information icons color","Couleur des pictos d'information"
"Font","Police"
"Font for texts inside the widget","Police pour les textes dans le widget de points de retrait"
"If enabled, you can customize font and font color of the Colissimo widget","Si activé, vous pouvez personnaliser la police ainsi que la couleur de police du widget Colissimo"
"Customize widget","Personnalisation du widget"
"URL is valid","L'URL est valide"
"Error calling URL:","Erreur lors de l'appel de l'URL :"
"No URL saved.","Aucune URL enregistrée"
"Option price for Australia","Surcoût à appliquer pour l'Australie"
"Option price for Bahrain","Surcoût à appliquer pour le Bahreïn"
"Option price for Canada","Surcoût à appliquer pour le Canada"
"Option price for China","Surcoût à appliquer pour la Chine"
"Option price for Egypt","Surcoût à appliquer pour l'Égypte"
"Option price for Hong Kong","Surcoût à appliquer pour Hong Kong"
"Option price for Indonesia","Surcoût à appliquer pour l'Indonésie"
"Option price for Japan","Surcoût à appliquer pour le Japon"
"Option price for Kuwait","Surcoût à appliquer pour le Koweït"
"Option price for Mexico","Surcoût à appliquer pour le Mexique"
"Option price for Oman","Surcoût à appliquer pour l'Oman"
"Option price for Philippines","Surcoût à appliquer pour les Philippines"
"Option price for Saudi Arabia","Surcoût à appliquer pour l'Arabie Saoudite"
"Option price for Singapore","Surcoût à appliquer pour Singapour"
"Option price for South Africa","Surcoût à appliquer pour l'Afrique du Sud"
"Option price for South Korea","Surcoût à appliquer pour la Corée du Sud"
"Option price for Switzerland","Surcoût à appliquer pour la Suisse"
"Option price for Thailand","Surcoût à appliquer pour la Thaïlande"
"Option price for United Arab Emirates","Surcoût à appliquer pour les Émirats Arabes Unis"
"Option price for United Kingdom","Surcoût à appliquer pour le Royaume Uni"
"Option price for United States","Surcoût à appliquer pour les États-Unis"
"Delivery Duty Paid","Droits de livraison acquittés"
"Colissimo Domicile with signature - DDP Option","Colissimo Domicile avec signature - Option DDP"
"This delivery method will allow you to set the shipment ""Colissimo with Signature with DDP"" which is only valid and will be displayed for Australia, Bahrain, Canada, China, Egypt, Hong Kong, Indonesia, Japan, Kuwait, Mexico, Oman, Philippines, Saudi Arabia, Singapore, South Africa, South Korea, Switzerland, Thailand, United Arab Emirates, United Kingdom, United States (USA). For the United Kingdom, it is restricted to commercial shipments between 160€ and 1050€ included.","Cette méthode de livraison vous permettra de régler l'envoi ""Colissimo avec Signature avec DDP"" qui n'est valable et qui s'affichera uniquement pour l'Australie, Bahreïn, Canada, Chine, Égypte, Hong Kong, Indonésie, Japon, Koweït, Mexique, Oman, Philippines, Arabie Saoudite, Singapour, Afrique du Sud, Corée du Sud, Suisse, Thaïlande, Émirats Arabes Unis, Royaume-Uni et États-Unis. Pour le Royaume-Uni, il est réservé aux envois commerciaux entre 160€ et 1050€ inclus."
"Colissimo International - DDP Option","Colissimo International - Option DDP"
"This delivery method will allow you to set the shipment ""Colissimo International - DDP Option"" which is valid and will be displayed only for the following countries: Australia, Bahrain, Canada, China, Egypt, Hong Kong, Indonesia, Japan, Kuwait, Mexico, Oman, Philippines, Saudi Arabia, Singapore, South Africa, South Korea, Switzerland, Thailand, United Arab Emirates, United Kingdom, USA","Cette méthode de livraison vous permettra de régler l'envoi ""Colissimo International - Option DDP"" qui n'est valable et qui s'affichera uniquement pour les pays suivants : Australie, Bahreïn, Canada, Chine, Égypte, Hong Kong, Indonésie, Japon, Koweït, Mexique, Oman, Philippines, Arabie Saoudite, Singapour, Afrique du Sud, Corée du Sud, Suisse, Thaïlande, Émirats Arabes Unis, Royaume Uni, États-Unis"
"Message displayed when selecting the delivery method","Message affiché lors de la sélection du mode de livraison"
"Shipping state missing for label generation with this country","Province de destination manquante pour la génération d'une étiquette pour ce pays"
"Please define a mobile phone number for SMS notification tracking","Veuillez définir un numéro de téléphone portable pour les notifications de suivi par SMS"
"Please enter the package dimensions","Veuillez définir les dimensions du colis"
"Please enter the EORI code in the Colissimo configuration","Veuillez entrer le code EORI dans la configuration Colissimo"
"Colissimo information for DDP","Information Colissimo pour DDP"
"Extra information needed for Colissimo DDP delivery methods","Informations supplémentaires nécessaires pour les méthodes de livraison Colissimo DDP"
"Generic description of articles in English","Description générique des articles en anglais"
"Package length (cm)","Longueur du colis (cm)"
"Package width (cm)","Largeur du colis (cm)"
"Package height (cm)","Hauteur du colis (cm)"
"Save DDP data","Sauvegarder les données DDP"
"Shipping address:","Adresse de livraison :"
"Tracking number: <a href=""%trackinglink"" target=""_blank"">%tracknb</a>.","Numéro de suivi : <a href=""%trackinglink"" target=""_blank"">%tracknb</a>."
"The mobile number for a Belgian destination must start with +324 and be 12 characters long. For example +324XXXXXXXX","Le numéro de mobile pour une destination Belge doit commencer par +324 et être long de 12 caractères. Par exemple +324XXXXXXXX"
"The insurance value has been lowered to the maximum value authorized for this sending method: %s","Le montant de l'assurance a été réduit au montant maximum autorisé pour cette méthode d'expédition : %s"
"Insurance is not available for this country and/or shipping method","L'assurance n'est pas disponible pour ce pays et / ou cette méthode d'expédition"
"Shipping method changed to %1$s for %2$d orders.","Méthode d'expédition changée pour %1$s sur %2$d commandes."
"Ship with: Colissimo Domicile without signature","Livrer avec : Colissimo Domicile sans signature"
"Ship with: Colissimo Domicile with signature","Livrer avec : Colissimo Domicile avec signature"
"Ship with: Colissimo Domicile with signature - DDP Option","Livrer avec : Colissimo Domicile avec signature - Option DDP"
"Shipping method changed to %1$s for %2$d orders.","Méthode de livraison changée pour %1$s sur %2$d commandes."
"The order #%1$d cannot be shipped with %2$s","La commande #%1$d ne peut pas être livrée avec %2$s"
"The order #%d was made to be shipped to a relay point, make sure to change its shipping address!","La commande #%d était prévue pour être livrée vers un point de retrait, assurez-vous de changer son adresse de livraison !"
"Colissimo support","Support Colissimo"
"Module support","Support du module"
"Error generating outward label:","Erreur de génération d'étiquette aller :"
"Error generating inward label:","Erreur de génération d'étiquette retour :"
"Order status when order is partially shipped","Statut des commandes quand la commande est partiellement expédiée"
"Order status to apply after successful label generation for partial shipping.","Statut de la commande à appliquer après la génération de l'étiquette pour une expédition partielle."
"Colissimo Partial Expedition","Colissimo Expédition partielle"
"Order status to apply after successful final label generation (be sure to use a status with COMPLETE state)","Statut de la commande à appliquer après la génération de l'étiquette finale (veillez à utiliser un statut avec l'état COMPLET)"
"Save insurance amount","Sauvegarder le montant d'assurance"
"Colissimo insurance","Assurance Colissimo"
"Personalized amount of insurance","Montant personnalisé de l'assurance"
"Use Colissimo Insurance for outward label?","Utiliser l'assurance Colissimo pour les étiquettes aller ?"
"If enabled, each outward label generation will use Colissimo Insurance feature by default.","Si activé, les étiquettes aller automatiquement générées utiliseront l'assurance Colissimo."
"Use Colissimo Insurance for inward label?","Utiliser l'assurance Colissimo pour les étiquettes retour ?"
"If enabled, each inward label generation will use Colissimo Insurance feature by default.","Si activé, les étiquettes retour automatiquement générées utiliseront l'assurance Colissimo."
"Automatically select the nearest relay point","Sélectionner automatiquement le point de retrait le plus proche"
"When the user selects the relay method during the checkout, it will automatically propose a relay point based on the shipping address","Lorsque l'utilisateur sélectionne la méthode en point de retrait lors du tunnel de commande, un point de retrait est automatiquement proposé basé sur l'adresse de livraison"
"Choose my relay","Choisir mon point de retrait"
"Closest pickup point:","Point de retrait le plus proche :"
"La Poste Colissimo number of parcels","Nombre de colis La Poste Colissimo"
"La Poste Colissimo parcel number","Numéro de colis La Poste Colissimo"
"La Poste Colissimo shipping type","Type de colis La Poste Colissimo"
"Colissimo Multi Parcels","Colissimo Multi colis"
"Use the multi-parcels shipping","Utiliser l'envoi multi colis"
"Number of parcels","Nombre de colis"
"Save multi parcels data","Sauvegarder les données du multi colis"
"Incorrect number of parcels","Nombre de colis incorrect"
"All labels have already been generated","Toutes les étiquettes ont déjà été générées"
"Colissimo Widget","Widget Colissimo"
"Google Maps (requires an API key)","Google Maps (requiert une clé d'API)"
"Open Street Maps (free)","Open Street maps (gratuit)"
"The shipping costs must not be free for the customs declaration to be valid.","Les frais de livraison ne doivent pas être gratuits pour que la déclaration de douanes soit valide."
"Use Colissimo Insurance?","Utiliser l'assurance Colissimo ?"
"Video tutorials","Tutoriels vidéos"
"General presentation of the module","Présentation générale du module"
"Shipping methods configuration","Configuration des méthodes d'expédition"
"Labels generation","Génération des étiquettes"
"Order with Colissimo pickup point","Commander avec Colissimo en point de retrait"
"Orders with customs declaration","Commandes avec déclaration de douanes"
"Multi-parcels shipment","Envoi multi colis"
"Multi-parcels shipment for overseas","Envoi multi colis pour l'outre-mer"
"Tracking parcels","Suivi des colis"
"Delivery Dupy Paid (DDP)","Droits de livraison acquittés (DDP)"
"Delivery slip","Bordereau de livraison"
"Parcels returnal","Retour des colis"
"Display on map","Afficher sur la carte"
"Maximum number of displayed relays","Nombre maximum de points de retrait affichés"
"Only applicable for map type other than Colissimo widget","Uniquement applicable pour les types de carte autres que le widget Colissimo"
"Display more pickup points","Afficher plus de points de retrait"
"Default display in mobile","Affichage par défaut sur mobile"
"When the user is on a mobile device with GoogleMaps or Leaflet, the default display can be the list of relays or the map and the list.","Lorsque l'utilisateur est sur un appareil mobile avec GoogleMaps ou Leaflet, l'affichage par défaut peut être la liste des points de retrait ou la carte et la liste."
"Map and list","Carte et liste"
"List only","Liste uniquement"
"We have detected that you have not yet signed the latest version of our GTC. Your consent is necessary in order to continue using Colissimo services. We therefore invite you to sign them on your Colissimo entreprise space, by clicking on the link below:","Nous avons détecté que vous n’avez pas encore signé la dernière version de nos CGV. Votre consentement est nécessaire afin de pouvoir continuer à utiliser les services Colissimo. Nous vous invitons donc à les signer sur votre espace Colissimo entreprise, en cliquant sur le lien ci-dessous :"
"Sign the GTC","Signer les CGV"
"Colissimo module version","Version du module Colissimo"
"Number of CN23 documents to generate","Nombre de documents CN23 à générer"
"Please enter a number between 1 and 4","Veuillez entrer un nombre entre 1 et 4"
"Download full log","Télécharger le log complet"
"Download","Télécharger"
"CN23 print format","Format d'impression du document CN23"
"PDF office printing, dimension A4 and resolution of 300dpi","PDF format A4 : impression bureautique en PDF, de dimension A4, et de résolution 300dpi"
"PDF office printing, dimension 10cm x 15cm, and resolution of 300dpi","PDF format 10x15cm : impression bureautique en PDF, de dimension 10cm par 15cm, et de résolution 300dpi"
"PDF office printing, dimension 10cm x 12cm, and resolution of 300dpi","PDF format 10x12cm : impression bureautique en PDF, de dimension 10cm par 12cm, et de résolution 300dpi"
"PDF office printing, dimension 10cm x 10cm, and resolution of 300dpi","PDF format 10x10cm : impression bureautique en PDF, de dimension 10cm par 10cm, et de résolution 300dpi"
"Export","Exporter"
"Export items","Exporter les éléments"
"Import prices","Importer des prix"
"Import CSV file","Importer le fichier CSV"
"Prices import","Import de prix"
"Import","Import"
"Would you like to help us improve our module by answering our questionnaire?<br /> If so, go to <a href=""%1"">the Module feedback part of our configuration page</a>.","Souhaitez-vous nous aider à améliorer notre module en répondant à notre questionnaire ?<br /> Si oui, rendez-vous dans <a href=""%1""> Retours sur le module de notre page de configuration</a>."
"Module feedback","Retours sur le module"
"If not, don't remind me.","Si non, ne plus afficher."
"Shipping notes","Notes de livraison"
"Cart %1 doesn't contain products","Le panier %1 ne contient pas de produit"
"Shipping information for Colissimo","Informations de livraison pour Colissimo"
"Return labels for International shipments are only available in PDF A4 format and will ignore this option.","Les étiquettes retour pour les envois internationaux sont uniquement disponibles au format PDF A4 et ignoreront cette option."
"Only post offices are available for this order","Seuls les bureaux de poste sont disponibles pour cette commande"
"Module setup","Mise en place du module"
"Not yet registered on Colissimo?","Pas encore enregistré sur Colissimo ?"
"Here is how to do it:","Voici comment faire :"
"To register for the <a target=""_blank"" href=""%1$s"">Colissimo Facilité</a> option, fill <a target=""_blank"" href=""%2$s"">this commercial contact form</a> to create an account and receive your ids within a few days.","Pour vous inscrire à l'option <a target=""_blank"" href=""%1$s"">Colissimo Facilité</a>, remplissez <a target=""_blank"" href=""%2$s"">ce formulaire de contact commercial</a> pour créer un compte et recevoir vos identifiants en quelques jours."
"To register for the <a target=""_blank"" href=""%1$s"">Colissimo Privilège</a> option, fill <a target=""_blank"" href=""%2$s"">this commercial contact form</a> to be contacted by a sales representative.","Pour vous inscrire à l'option <a target=""_blank"" href=""%1$s"">Colissimo Privilège</a>, remplissez <a target=""_blank"" href=""%2$s"">ce formulaire de contact commercial</a> pour être contacté par un commercial."
"Already registered on Colissimo?","Déjà enregistré sur Colissimo ?"
"Here is how to configure your module:","Voici comment configurer votre module :"
"I associate my account to the Colissimo module","J'associe mon compte au module Colissimo"
"To connect the module, you must enter your Colissimo credentials in %s of this page.","Pour connecter le module, vous devez entrer vos identifiants Colissimo dans %s de cette page."
"the ""General configuration"" section","la section ""Configuration générale"""
"The User Name must be the one you use to connect to <a target=""_blank"" href=""%s"">Colissimo Entreprise</a>.","L'identifiant doit être celui que vous utilisez pour vous connecter à <a target=""_blank"" href=""%s"">Colissimo Entreprise</a>."
"I configure my settings to simplify my shipping preparations thanks to Colissimo features","Je configure mes paramètres pour simplifier mes préparations d'expédition grâce aux fonctionnalités Colissimo"
"Activate <a href=""%s"" target=""_blank"">the Colissimo shipping methods</a>, and customize their names for your customers","Activez <a href=""%s"" target=""_blank"">les méthodes de livraison Colissimo</a>, et personnalisez leurs noms pour vos clients"
"%s of your labels under the ""Labels"" section","%s de vos étiquettes dans la section ""Etiquettes"""
"Choose the format","Choisissez le format"
"Enter %s for your shipments outside the European Union","Entrez %s pour vos envois hors Union Européenne"
"your customs formalities","vos formalités douanières"
"I make sure the Magento settings are complete","Je m'assure que les paramètres Magento sont complets"
"Enter <a target=""_blank"" href=""%s"">your origin address</a> to be able to generate labels","Entrez <a target=""_blank"" href=""%s"">votre adresse d'origine</a> pour pouvoir générer des étiquettes"
"All the products must have a weight configured","Tous les produits doivent avoir un poids configuré"
"The products may have a custom HS code and country of manufacture, or you can setup default values with the customs options","Les produits peuvent avoir un code SH et un pays de fabrication personnalisés, ou vous pouvez configurer des valeurs par défaut avec les options de douane"
"I configure my shipping rates","Je configure mes tarifs de livraison"
"Head to <a target=""_blank"" href=""%s"">the Colissimo prices page</a>","Rendez-vous sur <a target=""_blank"" href=""%s"">la page des tarifs Colissimo</a>"
"The Colissimo module automatically creates its rules based on the current prices","Le module Colissimo crée automatiquement ses règles en fonction des tarifs actuels"
"You can customize the shipping prices of the delivery solutions for your customers","Vous pouvez personnaliser les tarifs de livraison des solutions de livraison pour vos clients"
"Beware: Colissimo doesn't handle parcels over 30kg. Be careful about the weight unit and when you modify the weight ranges.","Attention : Colissimo ne gère pas les colis de plus de 30kg. Soyez attentif à l'unité de poids et lorsque vous modifiez les plages de poids."
"Need help?","Besoin d'aide ?"
"You can also contact the Colissimo support by phone at %1$s or the technical support by email at %2$s","Vous pouvez également contacter le support Colissimo par téléphone au %1$s ou le support technique par email à %2$s"
"Colissimo International (Deprecated)","Colissimo International (Obsolète)"
"Colissimo International - DDP Option (Deprecated)","Colissimo International - Option DDP (Obsolète)"
"The ""Colissimo International"" method is deprecated, it is strongly recommended to <a href=""%s"">disable it</a> and replace it with the ""Colissimo with signature"" method.","La méthode ""Colissimo International"" est obsolète, il est fortement recommandé de <a href=""%s"">la désactiver</a> et de la remplacer par la méthode ""Colissimo avec signature""."
"You can export then import <a href=""%s"">your price ranges</a> during this modification, the rates remain the same.","Vous pouvez exporter puis importer <a href=""%s"">votre grille des prix</a> lors de ce changement, les tarifs restent les mêmes."
"Sending service for Austria","Service d'envoi pour l'Autriche"
"Sending service for Germany","Service d'envoi pour l'Allemagne"
"Sending service for Italy","Service d'envoi pour l'Italie"
"Sending service for Luxembourg","Service d'envoi pour le Luxembourg"
"If cart weight is higher than 20 kg, only post office relays will be available.","Si le poids du panier est supérieur à 20 kg, seuls les points de retrait en bureau de poste seront disponibles."
"Calculate shipping cost from the cart price before applying coupons","Calculer le prix de la livraison avant que les codes promo ne soient appliqués"
"If enabled, the shipping cost will be calculated based on the cart price before the coupons are applied.","Si cette option est activée, les frais d’expédition seront calculés sur la base du prix du panier avant que les codes promos ne soient appliqués."
"The User Name of the parent account, if you are using an advanced Colissimo user or to add customs documents.","L'identifiant du compte parent, si vous utilisez un utilisateur avancé Colissimo ou pour ajouter des documents douaniers."
"Colissimo account","Compte Colissimo"
"Connection type","Type de connexion"
"Choose how you want to connect to Colissimo services.","Choisissez comment vous souhaitez vous connecter aux services Colissimo."
"Web services application key","Clé de connexion aux Web Services"
"An API key is required to get relay points","Une clé d'API est nécessaire pour obtenir les points de retrait"
"Login and password required to get relay points","Identifiant et mot de passe requis pour obtenir les points de retrait"
"User name","Identifiant"
"Set secured code during delivery","Paramétrer le code sécurisé à la livraison"
"To benefit from the secured code during delivery, you must contact your Colissimo advisor and they will activate it for you. This option will be visible in your Colissimo Box enterprise space.","Pour profiter du code sécurisé à la livraison, vous devez vous rapprocher de votre commercial qui se chargera de l'activer pour vous. Cette option sera visible depuis votre espace entreprise dans la Colissimo Box."
"Activate blocking code","Activer code bloquant"
"The client will receive a code that they will need to give to the delivery man to receive their parcel.","Le client recevra un code qu'il devra remettre au livreur afin de recevoir son colis."
"Save blocking code status","Enregistrer le statut du code bloquant"
"Outward labels","Etiquettes aller"
"Secured shipping","Livraison sécurisée"
"This parcel will be delivered via a secure service requiring a code. The code will be sent to the customer by email the day before delivery or by SMS on the morning of delivery, and must be given to the delivery person in order to receive the parcel. You can deactivate this option if you do not want secure delivery using a code.","Ce colis sera livré via un service sécurisé nécessitant un code. Le code sera envoyé au client par email la veille de la livraison ou par SMS le matin de la livraison, et devra être communiqué au livreur pour recevoir le colis. Vous pouvez désactiver cette option si vous ne souhaitez pas une livraison sécurisée par code."
"Please note: If you have not provided the recipient's email address and telephone number, the code cannot be sent to the recipient and will block delivery of the parcel.","À noter : Si vous n'avez pas fourni l'email et le numéro de téléphone du destinataire, le code ne pourra pas être transmis au destinataire et bloquera la remise du colis."
"Services settings","Paramétrage des services"
"Choose %s best matching your needs.","Choisissez %s correspondant le mieux à vos besoins."
"the contract","le contrat"
"Minimum order value for the secured code","Valeur minimale de commande pour le code sécurisé"
"Maximum order value for the secured code","Valeur maximale de commande pour le code sécurisé"
"The secured code will only be activated for orders over the given value.","Le code sécurisé ne sera activé que pour les commandes dont la valeur est supérieure à la valeur donnée."
"The secured code will only be activated for orders under the given value. Keep empty to disable this limitation.","Le code sécurisé ne sera activé que pour les commandes dont la valeur est inférieure à la valeur donnée. Laissez vide pour désactiver cette limitation."
"Number of days during which the customers can download the return label","Nombre de jours pendant lesquels les clients peuvent télécharger l’étiquette de retour"
"Choose the products to return","Sélectionnez les produits à retourner"
"Select all products","Sélectionner tous les produits"
"Please select at least one product.","Veuillez sélectionner au moins un produit."
"Generate a QR Code that your customers can scan at the post office to print a label. This format is used to secure the return parcel. This option requires activation of the service in your Colissimo customer area.","Générer un QR Code permettant à vos clients de le scanner en bureau de Poste pour imprimer une étiquette. Ce format sert à sécuriser le dépôt du colis retour. Cette option est conditionnée à l'activation du service dans votre espace client Colissimo."
"Activate service","Activer le service"
"Quantity to return exceeding quantity ordered","La quantité à retourner est supérieure à la quantité commandée"
"Activate secured return","Activer le retour sécurisé"
"Return products","Retourner des produits"
"Shipping labels have been generated.","Les étiquettes de livraison ont été générées."
"Return from a post office","Retour depuis un bureau de poste"
"Shipment Date","Date de l'expédition"
"Your secured code for the return label %s has been generated.","Votre code sécurisé pour l'étiquette retour %s a bien été généré."
"If the secured return is enabled, only your customers will be able to generate return labels.","Si le retour sécurisé est activé, seuls vos clients pourront générer des étiquettes de retour."
"You cannot generate return labels while the secured return is active, only customers can generate them from their account.","Vous ne pouvez pas générer d'étiquettes de retour tant que le retour sécurisé est actif, seuls les clients peuvent les générer depuis leur compte."
"No labels found.","Aucune étiquette trouvée."
"HS code attribute","Attribut du code SH"
"Choose the product attribute containing the HS code to use in customs declaration.","Choisissez l'attribut produit contenant le code SH à utiliser dans la déclaration de douanes."
"Colissimo attribute","Attribut Colissimo"
"Extra cost for French overseas","Surcoût à appliquer pour les DOM-TOM"
"Only Post offices","Uniquement les bureaux de Poste"
"All relays","Tous les points"
"Only Pickup points","Uniquement les points Pickup"
"Only Pickup partner stores","Uniquement les relais commerçants Pickup"
"Only Post offices and Pickup partner stores","Uniquement les bureaux de Poste et les relais commerçants Pickup"
"All relays without Pickup lockers","Tous les points sans les consignes Pickup"
"All relays without Neighbor-relays Pickme","Tous les points sans les voisins-relais Pickme"
"Types of displayed relays","Types de points de retrait affichés"
"Colissimo Box / Labels and packagings","Colissimo Box/Etiquettes et emballages"
"For your postage needs, order your labels in rolls or boxes directly from your dedicated space %s, and enjoy the best prices and quality standards on the market.","Pour vos affranchissements, commandez directement vos étiquettes en rouleau ou en boîte sur votre espace dédié %s, et bénéficiez des meilleurs prix et standards de qualité du marché."
"Your contract information","Vos informations de contrat"
"Contract type:","Type de contrat :"
"Return in mailbox option:","Option retour en boîte aux lettres :"
"Return in post office option:","Option retour en bureau de poste :"
"Secured return option:","Option retour sécurisé :"
"Secured shipping option:","Option livraison sécurisée :"
"Out-of-home contract type:","Type de contrat hors domicile :"
"Pickup neighbor-relay option:","Option voisins relais :"
"Estimated shipping date option:","Option date de livraison estimée :"
"Activated","Activé"
"Deactivated","Désactivé"
"No account information available.","Aucune information de compte disponible."
"Product categories","Catégories de produit"
"All categories","Toutes les catégories"
"EORI number","Numéro EORI"
"United Kingdom EORI number","Numéro EORI Royaume-Uni"
"EORI number for delivery to United Kingdom","Numéro EORI pour les livraisons au Royaume-Uni"
"Your label %s has been generated.","Votre étiquette %s a été générée."
"How to return your parcel?","Comment retourner votre colis ?"
"Pack your products.","Emballez vos produits."
"Print your label and stick it on your parcel.","Imprimez votre étiquette et collez-la sur votre colis."
"Drop off your parcel at the post office of your choice:","Déposez votre colis au bureau de poste de votre choix :"
"Track your parcel shipment on %s","Suivez la livraison de votre colis sur %s"
"Documentation","Documentation"
"Your Colissimo deposit places:","Vos lieux de dépôt Colissimo :"
"Mimosa option:","Option Mimosa :"
"Sending service for Belgium","Service d’envoi pour la Belgique"
"Download FR","Télécharger FR"
"Download EN","Télécharger EN"
"None","Aucune"
"Category A - CLP hazardous product","Catégorie A - Produit dangereux au titre du CLP"
"Category B - ADR/GPE 2 hazardous product","Catégorie B - Produit dangereux ADR/GPE 2"
"Category C - ADR/GPE 3 hazardous product","Catégorie C - Produit dangereux ADR/GPE 3"
"Category D - Cosmetic hazardous product","Catégorie D - Produit dangereux cosmétique"
"Category E - Other derogated sensitive product","Catégorie E - Autre produit sensible dérogé"
"Colissimo hazmat category","Catégorie de matières dangereuses Colissimo"
"Default Colissimo hazmat category","Catégorie de matières dangereuses Colissimo par défaut"
"Add the extra cost to shipping price","Répercuter le surcoût sur le prix de livraison"
"The clients will pay the extra cost for hazardous materials along with the shipping price.","Les clients paieront le surcoût pour les matières dangereuses en même temps que le prix de livraison."
"The hazmat option lets you specify which parcel contains hazardous materials, ensuring that your goods are protected and safe during all the shipment.","L'option matières dangereuses vous permet de spécifier quel colis contient des matières dangereuses, garantissant que vos marchandises sont protégées et en sécurité pendant toute la durée de l'expédition."
"There are a total of 5 categories of hazardous materials that can be specified on your products and/or product categories. The categories are as follows:","Il existe un total de 5 catégories de matières dangereuses qui peuvent être spécifiées sur vos produits et/ou catégories de produits. Les catégories sont les suivantes :"
"Category","Catégorie"
"Maximum quantity per parcel","Quantité maximale par colis"
"Extra cost","Surcoût"
"Hazardous materials are not allowed for return parcels.","Les matières dangereuses ne sont pas autorisées pour les colis de retour."
"Hazardous materials %1$s exceed the maximum allowed weight: %2$d/%3$dg.","Les matières dangereuses %1$s dépassent le poids maximum autorisé : %2$d/%3$dg."
"The total amount of hazardous materials exceeds the maximum allowed weight of %dg.","Le poids total des matières dangereuses dépasse le poids maximum autorisé de %dg."
"Please ship this order in multiple parcels.","Veuillez expédier cette commande en plusieurs colis."
"Hazardous materials feature:","Fonctionnalité matières dangereuses :"
"Hazardous materials","Matières dangereuses"
"United States EORI number","Numéro EORI États-Unis"
"EORI number for delivery to United States","Numéro EORI spécifique pour les livraisons en direction des États-Unis"
"MID code for USA","Code MID pour les États-Unis"
"The MID code is used by the USA customs to track where a product comes from. It is required and can be found by following %1.","Le code MID est utilisé par les douanes américaines pour tracer l’origine d’un produit. Il est obligatoire et peut être trouvé en suivant <a href=""https://www.fedex.com/fr-fr/customer-support/faq/customs/customs-codes/how-to-generate-mid-code.html"" target=""_blank"">le guide Fedex</a>."
"Checkout page","Tunnel de commande"
"Default","Par défaut"
"Text size","Taille du texte"
"Text font","Police du texte"
"Text color","Couleur du texte"
"Text to display","Texte à afficher"
"Please include {date} in your text where the date should be shown.","Veuillez inclure {date} dans votre texte à l’endroit où la date doit être affichée."
"Date format","Format de la date"
"Cut Off hours","Heures limites de dépôt"
"Deposit location","Lieu de dépôt"
"Select the location used to deposit your parcels.","Sélectionnez le lieu utilisé pour déposer vos colis."
"Display the expected delivery date","Afficher la date de livraison prévue"
"Choose to add the expected delivery date below the method name in the checkout.","Choisissez d’ajouter la date de livraison prévue sous le nom de la méthode dans le tunnel de commande."
"Monday","Lundi"
"Tuesday","Mardi"
"Wednesday","Mercredi"
"Thursday","Jeudi"
"Friday","Vendredi"
"Saturday","Samedi"
"Sunday","Dimanche"
"January","Janvier"
"February","Février"
"March","Mars"
"April","Avril"
"May","Mai"
"June","Juin"
"July","Juillet"
"August","Août"
"September","Septembre"
"October","Octobre"
"November","Novembre"
"December","Décembre"
"l, F j","l j F"
"F j","j F"
"M j","j M"
"Delivery expected on {date}","Livraison prévue le {date}"
"Weekly Schedule","Horaire hebdomadaire"
"Exceptions","Exceptions"
"Day","Jour"
"Add Exception","Ajouter une exception"
"Cutt Off times for orders processing","Heures limites pour le traitement des commandes"
"No shipment this day","Aucun envoi ce jour"
"The login/password connexion type will be removed during 2026 in favor of application key authentication, to increase the security of your account. To avoid any interruption in your deliveries, make sure to generate an application key from the edit page of your %s account then enter it in the ""General configuration"" section of the advanced Colissimo settings.","Le type de connexion identifiant/mot de passe sera supprimé courant 2026 au profit de l'authentification par clé de connexion, en vue d'augmenter la sécurité de votre compte. Afin d'éviter toute interruption de vos livraisons, assurez-vous de générer une clé de connexion depuis la page d'édition de votre compte %s puis de l'entrer dans la section ""Configuration générale"" des réglages avancés Colissimo."
"Hazardous materials are not allowed outside France.","Les matières dangereuses ne sont pas autorisées en dehors de la France."
